timeStamp,responseCode
1747708224,201
1747708224,201
1747708224,201
1747708224,201
1747708224,201
1747708224,201
1747708224,201
1747708224,201
1747708224,201
1747708224,201
1747708225,201
1747708225,201
1747708225,201
1747708225,201
1747708225,201
1747708225,201
1747708225,201
1747708225,201
1747708225,201
1747708225,201
1747708225,201
1747708225,201
1747708225,201
1747708225,201
1747708225,201
1747708225,201
1747708225,201
1747708226,201
1747708226,201
1747708226,201
1747708226,201
1747708226,201
1747708226,201
1747708226,201
1747708226,201
1747708226,201
1747708226,201
1747708226,201
1747708226,201
1747708226,201
1747708226,201
1747708226,201
1747708226,201
1747708226,201
1747708227,201
1747708227,201
1747708227,201
1747708227,201
1747708227,201
1747708227,201
1747708227,201
1747708227,201
1747708227,201
1747708227,201
1747708227,201
1747708227,201
1747708227,201
1747708227,201
1747708227,201
1747708227,201
1747708227,201
1747708227,201
1747708228,201
1747708228,201
1747708228,201
1747708228,201
1747708228,201
1747708228,201
1747708228,201
1747708228,201
1747708228,201
1747708228,201
1747708228,201
1747708228,201
1747708228,201
1747708228,201
1747708228,201
1747708228,201
1747708228,201
1747708229,201
1747708229,201
1747708229,201
1747708229,201
1747708229,201
1747708229,201
1747708229,201
1747708229,201
1747708229,201
1747708229,201
1747708229,201
1747708229,201
1747708229,201
1747708229,201
1747708229,201
1747708229,201
1747708229,201
1747708229,201
1747708229,201
1747708230,201
1747708230,201
1747708230,201
1747708230,201
1747708230,201
1747708230,201
1747708230,201
1747708230,201
1747708230,201
1747708230,201
1747708230,201
1747708230,201
1747708230,201
1747708230,201
1747708230,201
1747708230,201
1747708230,201
1747708230,201
1747708231,201
1747708231,201
1747708231,201
1747708231,201
1747708231,201
1747708231,201
1747708231,201
1747708231,201
1747708231,201
1747708231,201
1747708231,201
1747708231,201
1747708231,201
1747708231,201
1747708231,201
1747708231,201
1747708231,201
1747708232,201
1747708232,201
1747708232,201
1747708232,201
1747708232,201
1747708232,201
1747708232,201
1747708232,201
1747708232,201
1747708232,201
1747708232,201
1747708232,201
1747708232,201
1747708232,201
1747708232,201
1747708232,201
1747708232,201
1747708232,201
1747708233,201
1747708233,201
1747708233,201
1747708233,201
1747708233,201
1747708233,201
1747708233,201
1747708233,201
1747708233,201
1747708233,201
1747708233,201
1747708233,201
1747708233,201
1747708233,201
1747708233,201
1747708233,201
1747708233,201
1747708234,201
1747708234,201
1747708234,201
1747708234,201
1747708234,201
1747708234,201
1747708234,201
1747708234,201
1747708234,201
1747708234,201
1747708234,201
1747708234,201
1747708234,201
1747708234,201
1747708234,201
1747708234,201
1747708234,201
1747708235,201
1747708235,201
1747708235,201
1747708235,201
1747708235,201
1747708235,201
1747708235,201
1747708235,201
1747708235,201
1747708235,201
1747708235,201
1747708235,201
1747708235,201
1747708235,201
1747708235,201
1747708235,201
1747708235,201
1747708236,201
1747708236,201
1747708236,201
1747708236,201
1747708236,201
1747708236,201
1747708236,201
1747708236,201
1747708236,201
1747708236,201
1747708236,201
1747708236,201
1747708236,201
1747708236,201
1747708236,201
1747708236,201
1747708236,201
1747708237,201
1747708237,201
1747708237,201
1747708237,201
1747708237,201
1747708237,201
1747708237,201
1747708237,201
1747708237,201
1747708237,201
1747708237,201
1747708237,201
1747708237,201
1747708237,201
1747708237,201
1747708237,201
1747708237,201
1747708237,201
1747708238,201
1747708238,201
1747708238,201
1747708238,201
1747708238,201
1747708238,201
1747708238,201
1747708238,201
1747708238,201
1747708238,201
1747708238,201
1747708238,201
1747708238,201
1747708238,201
1747708238,201
1747708238,201
1747708238,201
1747708239,201
1747708239,201
1747708239,201
1747708239,201
1747708239,201
1747708239,201
1747708239,201
1747708239,201
1747708239,201
1747708239,201
1747708239,201
1747708239,201
1747708239,201
1747708239,201
1747708239,201
1747708239,201
1747708239,201
1747708239,201
1747708240,201
1747708240,201
1747708240,201
1747708240,201
1747708240,201
1747708240,201
1747708240,201
1747708240,201
1747708240,201
1747708240,201
1747708240,201
1747708240,201
1747708240,201
1747708240,201
1747708240,201
1747708240,201
1747708240,201
1747708240,201
1747708240,201
1747708241,201
1747708241,201
1747708241,201
1747708241,201
1747708241,201
1747708241,201
1747708241,201
1747708241,201
1747708241,201
1747708241,201
1747708241,201
1747708241,201
1747708241,201
1747708241,201
1747708241,201
1747708241,201
1747708241,201
1747708241,201
1747708241,201
1747708242,201
1747708242,201
1747708242,201
1747708242,201
1747708242,201
1747708242,201
1747708242,201
1747708242,201
1747708242,201
1747708242,201
1747708242,201
1747708242,201
1747708242,201
1747708242,201
1747708242,201
1747708242,201
1747708242,201
1747708242,201
1747708242,201
1747708243,201
1747708243,201
1747708243,201
1747708243,201
1747708243,201
1747708243,201
1747708243,201
1747708243,201
1747708243,201
1747708243,201
1747708243,201
1747708243,201
1747708243,201
1747708243,201
1747708243,201
1747708243,201
1747708243,201
1747708243,201
1747708243,201
1747708244,201
1747708244,201
1747708244,201
1747708244,201
1747708244,201
1747708244,201
1747708244,201
1747708244,201
1747708244,201
1747708244,201
1747708244,201
1747708244,201
1747708244,201
1747708244,201
1747708244,201
1747708244,201
1747708244,201
1747708244,201
1747708244,201
1747708245,201
1747708245,201
1747708245,201
1747708245,201
1747708245,201
1747708245,201
1747708245,201
1747708245,201
1747708245,201
1747708245,201
1747708245,201
1747708245,201
1747708245,201
1747708245,201
1747708245,201
1747708245,201
1747708245,201
1747708245,201
1747708245,201
1747708246,201
1747708246,201
1747708246,201
1747708246,201
1747708246,201
1747708246,201
1747708246,201
1747708246,201
1747708246,201
1747708246,201
1747708246,201
1747708246,201
1747708246,201
1747708246,201
1747708246,201
1747708246,201
1747708246,201
1747708246,201
1747708246,201
1747708247,201
1747708247,201
1747708247,201
1747708247,201
1747708247,201
1747708247,201
1747708247,201
1747708247,201
1747708247,201
1747708247,201
1747708247,201
1747708247,201
1747708247,201
1747708247,201
1747708247,201
1747708247,201
1747708247,201
1747708247,201
1747708247,201
1747708248,201
1747708248,201
1747708248,201
1747708248,201
1747708248,201
1747708248,201
1747708248,201
1747708248,201
1747708248,201
1747708248,201
1747708248,201
1747708248,201
1747708248,201
1747708248,201
1747708248,201
1747708248,201
1747708248,201
1747708248,201
1747708249,201
1747708249,201
1747708249,201
1747708249,201
1747708249,201
1747708249,201
1747708249,201
1747708249,201
1747708249,201
1747708249,201
1747708249,201
1747708249,201
1747708249,201
1747708249,201
1747708249,201
1747708249,201
1747708249,201
1747708249,201
1747708250,201
1747708250,201
1747708250,201
1747708250,201
1747708250,201
1747708250,201
1747708250,201
1747708250,201
1747708250,201
1747708250,201
1747708250,201
1747708250,201
1747708250,201
1747708250,201
1747708250,201
1747708250,201
1747708250,201
1747708251,201
1747708251,201
1747708251,201
1747708251,201
1747708251,201
1747708251,201
1747708251,201
1747708251,201
1747708251,201
1747708251,201
1747708251,201
1747708251,201
1747708251,201
1747708251,201
1747708251,201
1747708251,201
1747708251,201
1747708252,201
1747708252,201
1747708252,201
1747708252,201
1747708252,201
1747708252,201
1747708252,201
1747708252,201
1747708252,201
1747708252,201
1747708252,201
1747708252,201
1747708252,201
1747708252,201
1747708252,201
1747708252,201
1747708253,201
1747708253,201
1747708253,201
1747708253,201
1747708253,201
1747708253,201
1747708253,201
1747708253,201
1747708253,201
1747708253,201
1747708253,201
1747708253,201
1747708253,201
1747708253,201
1747708253,201
1747708253,201
1747708253,201
1747708254,201
1747708254,201
1747708254,201
1747708254,201
1747708254,201
1747708254,201
1747708254,201
1747708254,201
1747708254,201
1747708254,201
1747708254,201
1747708254,201
1747708254,201
1747708254,201
1747708254,201
1747708254,201
1747708254,201
1747708255,201
1747708255,201
1747708255,201
1747708255,201
1747708255,201
1747708255,201
1747708255,201
1747708255,201
1747708255,201
1747708255,201
1747708255,201
1747708255,201
1747708255,201
1747708255,201
1747708255,201
1747708255,201
1747708255,201
1747708255,201
1747708255,201
1747708256,201
1747708256,201
1747708256,201
1747708256,201
1747708256,201
1747708256,201
1747708256,201
1747708256,201
1747708256,201
1747708256,201
1747708256,201
1747708256,201
1747708256,201
1747708256,201
1747708256,201
1747708256,201
1747708256,201
1747708257,201
1747708257,201
1747708257,201
1747708257,201
1747708257,201
1747708257,201
1747708257,201
1747708257,201
1747708257,201
1747708257,201
1747708257,201
1747708257,201
1747708257,201
1747708257,201
1747708257,201
1747708257,201
1747708257,201
1747708257,201
1747708258,201
1747708258,201
1747708258,201
1747708258,201
1747708258,201
1747708258,201
1747708258,201
1747708258,201
1747708258,201
1747708258,201
1747708258,201
1747708258,201
1747708258,201
1747708258,201
1747708258,201
1747708258,201
1747708259,201
1747708259,201
1747708259,201
1747708259,201
1747708259,201
1747708259,201
1747708259,201
1747708259,201
1747708259,201
1747708259,201
1747708259,201
1747708259,201
1747708259,201
1747708259,201
1747708259,201
1747708259,201
1747708260,201
1747708260,201
1747708260,201
1747708260,201
1747708260,201
1747708260,201
1747708260,201
1747708260,201
1747708260,201
1747708260,201
1747708260,201
1747708260,201
1747630800,201
